{
  "songs": [
    {
      "id": 1,
      "movie": "Lucifer",
      "title": "Raftaara",
      "song-length": "6:16",
      "singer": "Jyotsna"
    },
    {
      "id": 1,
      "movie": "Love Action Drama",
      "title": "Kududkku",
      "song-length": "2:50",
      "singer": "Vineeth"
    },
    {
      "id": 1,
      "movie": "Theevandi",
      "title": "Jeevamshamayi",
      "song-length": "6:14",
      "singer": "Harishankar"
    },
    {
      "id": 2
    },
    {
      "id": 4,
      "movie": "Theevandi",
      "title": "Angamali",
      "song-length": "5:14",
      "singer": "Harishankar"
    }
  ]
}